"0","names(xhist)"
"1","[1]"
"1"," ""Type Name""     "
"1"," ""Type Id""       "
"1"," ""Street Address"""
"1"," ""Longitude""     "
"1"," ""Request Id""    "
"1"," ""Request Date""  "
"1"," ""Latitude""      "
"1","
"
"1","[8]"
"1"," ""_id""           "
"1"," ""ID""            "
"1","
"
"0","names(x2015)"
"1"," [1]"
"1"," ""Type Name""    "
"1"," ""Type Id""      "
"1"," ""Street Name""  "
"1"," ""Longitude""    "
"1"," ""Request Id""   "
"1"," ""Request Date"" "
"1"," ""Street Number"""
"1"," ""Latitude""     "
"1","
"
"1"," [9]"
"1"," ""_id""          "
"1"," ""ID""           "
"1","
"
"0","names(x2018)"
"1","[1]"
"1"," ""Complaint""  "
"1"," ""DateCreated"""
"1"," ""Typename""   "
"1"," ""Location""   "
"1"," ""Lot""        "
"1"," ""ComplaintID"""
"1"," ""Department"" "
"1"," ""_id""        "
"1"," ""Block""      "
"1","
"
